{"317624352": {"last_command_time": 1738432899.447188, "reminders_active": false}, "-4737571909": {"last_command_time": 1738624211.65602, "reminders_active": false}, "-1002454851481": {"last_command_time": 1740495543.915273, "reminders_active": false, "presence_data": {"Simone": 5}}}